Profile,Name,Short,Korean Name,Debut,Company,Members,Orig. Memb.,Fanclub Name,Active
Profile,Girls' Generation,SNSD,소녀시대,2007-08-05,SM,5,9,SONE,Yes
,KARA,,카라,2007-03-29,DSP,4,5,Kamilia,No
,2NE1,,투애니원,2009-05-06,YG,4,4,Blackjack,No
Profile,T-ara,,티아라,2009-07-29,MBK,4,6,QUEEN'S,Hiatus
Profile,SISTAR,,씨스타,2010-03-06,Starship,4,4,STAR1,No
,4Minute,,포미닛,2009-06-15,Cube,5,5,4nia,No
Profile,Apink,,에이핑크,2011-04-19,Plan A,6,7,Pink Panda,Yes
,Brown Eyed Girls,B.E.G.,브라운 아이드 걸스,2006-03-02,Mystic,4,4,Everlasting,Yes
Profile,After School,,애프터스쿨,2009-01-15,Pledis,6,5,Playgirlz,No
Profile,AOA,,에이오에이,2012-07-30,FNC,4,8,ELVIS,Yes
Profile,Dal Shabet,,달샤벳,2011-01-03,Happy Face,4,6,Darling,Hiatus
Profile,EXID,,이엑스아이디,2012-02-16,Yedang,5,6,LEGO,Yes
Profile,Girl's Day,GsD,걸스데이,2010-07-09,DreamT,4,5,Dai5y,Hiatus
Profile,Wonder Girls,WG,원더걸스,2007-02-13,JYP,4,5,Wonderful,No
,miss A,,미쓰에이,2010-07-01,JYP,3,4,Say A,No
Profile,9Muses,Nine Muses,나인뮤지스,2010-08-12,Star Empire,4,9,MINE,No
,Crayon Pop,,크레용팝,2012-07-17,Chrome,4,5,,No
,D-Unit,,디유닛,2012-08-01,D-Business,2,3,Unique,No
,D.Holic,,디홀릭,2014-10-29,H.Mate,4,5,,No
,Davichi,,다비치,2008-02-04,CJ E&M,2,2,,Yes
,BESTie,,베스티,2013-07-11,YNB,4,4,BESTiny,No
Profile,April,,에이프릴,2015-08-24,DSP,6,6,Fineapple,No
Profile,CLC,,씨엘씨,2015-03-19,Cube,5,5,Chesire,Yes
Profile,WJSN,Cosmic Girls,우주소녀,2016-02-25,Starship,13,12,Ujung,Yes
Profile,Brave Girls,,브레이브걸스,2011-04-08,Brave,4,5,,Yes
,Blady,,블레이디,2011-05-16,Star Planet,5,4,Hi ade,No
,Bob Girls,,단발머리,2014-06-10,Chrome,4,4,,No
,C-REAL,,씨리얼,2011-10-11,NAP,3,5,,No
,ChoColat,,쇼콜라,2011-08-16,Paramount,5,5,Chocolatier,No
,Badkiz,,배드키즈,2014-03-24,Zoo,5,5,,No
,4TEN,,포텐,2014-08-26,Jungle,4,4,,No
,15&,,피프틴앤드,2012-10-05,JYP,2,2,,No
Profile,DIA,,다이아,2015-07-14,MBK,7,7,AID,Yes
,EvoL,,이블,2012-08-10,Stardom,5,5,Voller,No
Profile,Oh My Girl,OHMG,오마이걸,2015-04-21,WM,7,8,Miracle,Yes
,f(x),,에프엑스,2009-08-24,SM,4,5,MeU,No
Profile,Red Velvet,RV,레드벨벳,2014-08-01,SM,5,4,,Yes
,Rainbow,,레인보우,-0001-11-30,DSP,7,7,,No
Profile,TWICE,,트와이스,2015-10-20,JYP,9,9,Once,Yes
,Tahiti,,타히티,2012-06-23,J-line,5,6,,No
,Fiestar,,피에스타,2012-08-31,LOEN,5,6,Let's,No
Profile,Hello Venus,HV,헬로비너스,2012-05-09,Fantagio,6,6,Hello Cupid,No
,Ladies' Code,LC,레이디스 코드,2013-03-07,Polaris,3,5,Lavely,Hiatus
Profile,Laboum,,라붐,2014-08-27,NH,4,6,Latte,Yes
Profile,Lovelyz,,러블리즈,2014-11-17,Woollim,8,8,Lovelinus,No
,Wassup,,와썹,2013-08-07,Mafia,7,7,,No
Profile,Gugudan,,구구단,2016-06-28,Jellyfish,8,9,,No
Profile,Gfriend,,여자친구,2015-01-15,Source,6,6,Buddy,No
,Unicorn,,유니콘,2015-09-03,Cartoon Blue,4,5,,No
Profile,Berry Good,,베리굿,2014-05-21,Asia Bridge,6,5,,No
,BLACKPINK,,블랙핑크,2016-08-08,YG,4,4,,Yes
,F-ve Dolls,5Dolls,파이브돌스,2011-01-20,MBK,6,5,,No
,GI,Global Icon,지아이,2013-04-03,Simtong,3,5,,No
,GLAM,,글램,2012-07-16,Big Hit,4,4,,No
,GP Basic,,지피 베이직,2011-03-18,Jacyhan,4,6,Spade,No
,Jewelry,,쥬얼리,2001-03-30,Star Empire,4,4,,No
,Baby V.O.X,,베이비복스,1997-07-05,DR Music,5,5,,No
Profile,Mamamoo,,마마무,2014-06-18,RBW,4,4,Moomoo,Yes
Profile,Melody Day,,멜로디데이,2014-02-25,Cre.Ker,4,3,,No
,Minx,,밍스,2014-09-18,Happy Face,5,5,,No
,Pungdeng-E,,풍뎅이,2013-12-11,DOMA,3,3,,Hiatus
,Tiny-G,,타이니지,2012-08-23,GNG,3,4,,No
,Two X,,투엑스,2012-08-20,J. Tune,4,5,,No
Profile,Stellar,,스텔라,2011-08-28,Pascal,4,4,Twinkle,No
Profile,SECRET,,시크릿,2009-10-13,TS,3,4,Secret Time,No
Profile,Sonamoo,,소나무,2014-12-29,TS,5,7,Solbangul,No
,Rania,,라니아,2011-04-06,DR,5,8,,No
,Rubber Soul,,러버소울,2015-02-10,Happy Tribe,2,3,,Yes
,Playback,,플레이백,2015-06-25,Coridel,5,4,,Yes
,SPICA,,스피카,2012-02-07,CJ E&M,5,5,Mercury,No
,Sunny Hill,,써니힐,2007-09-20,Nega,4,5,,No
Profile,Momoland,,모모랜드,2016-11-09,Double Kick,6,7,,Yes
Profile,Bonus Baby,,보너스베이비,2017-01-01,Maroo,6,6,,No
,myB,,마이비,2015-08-25,Maroo,6,6,,No
,S.E.S,,에스.이.에스,1997-11-01,SM,3,3,,No
,The Grace,CSJH,천상지희,2005-04-29,SM,3,4,,No
,Mixx,,믹스,2016-05-02,Chiko,5,4,,No
Profile,Loona,LOOΠΔ,이달의 소녀,2018-08-20,Blockberry,12,12,,Yes
Profile,Pristin,,프리스틴,2017-03-21,Pledis,10,10,,No
Profile,DreamCatcher,,드림캐쳐,2017-01-13,Happy Face,7,7,,Yes
,S.I.S,,에스아이에스,2017-08-25,Double X,6,6,,Yes
Profile,Weki Meki,WeMe,위키미키,2017-08-08,Fantagio,8,8,,Yes
,ELRIS,,엘리스,2017-07-01,Hunus,7,5,,Yes
,Favorite,,페이버릿,2017-07-05,Astory,6,6,,Yes
,Good Day,,굿데이,2017-08-30,C9,10,10,,No
,P.O.P,,피오피,2017-07-26,DWM,6,6,,No
,G-reyish,Greyish,그레이시,2017-06-01,Elijah,4,4,,Yes
,CoCoSoRi,,코코소리,2016-01-05,MOLE,2,2,,No
Profile,Bolbbalgan4,BOL4,볼빨간사춘기,2016-04-22,Shofar,1,2,,Yes
,Bloomy,,블루미,2016-02-01,DS,4,4,,Yes
,Bulldok,,불독,2016-10-20,Kconic,5,3,,No
,Highteen,,하이틴,2016-10-14,Elijah,4,4,,Yes
,Matilda,,마틸다,2016-03-18,Box,4,4,,No
,Dorothy,,도로시,2016-08-16,Leek Mill,3,5,,No
,OhBliss,,오블리스,2016-10-17,JT Corea,5,5,,Yes
,Girls Girls,,여자여자,2015-12-09,H Brothers,4,5,,No
,O21,,오투원,2016-06-21,Houxiu,3,6,,No
,Apple.B,,애플비,2017-08-01,GH,5,5,,No
,H.U.B,HUB,허브,2017-02-09,New Planet,5,4,,No
Profile,Hash Tag,Hashtag,해시태그,2017-10-11,LUK,7,7,,Yes
,LipBubble,,립버블,2017-03-22,Zenith,7,7,,No
,Marmello,,마르멜로,2017-05-24,Rolling,5,5,,No
Profile,fromis_9,,프로미스나인,2018-01-24,Off The Record,9,9,,Yes
Profile,Honey Popcorn,,허니팝콘,2018-03-21,Kyun Create,3,3,,Yes
Profile,Girlkind,,걸카인드,2018-01-16,Nextlevel,5,5,,Yes
Profile,(G)I-DLE,,(여자)아이들,2018-05-02,Cube,6,6,,Yes
Profile,GWSN,,공원소녀,2018-09-05,Kiwi Pop,7,7,Groo,Yes
Profile,IZ*ONE,IZONE,아이즈원,2018-10-29,Off The Record,12,12,,No
Profile,Nature,,네이처,2018-08-03,n.CH,9,9,,Yes
Profile,Uni.T,,유니티,2018-05-18,Unit Culture,8,9,,No
,We Girls,,위걸스,2018-08-31,Afternoon,8,8,,Yes
,Gawi Bawi Bo,GBB,지비비,2018-05-01,LOUDers,5,5,,Yes
Profile,Cherry Bullet,,체리블렛,2019-01-21,FNC,7,10,,Yes
Profile,Dreamnote,,드림노트,2018-11-07,iME,6,8,,Yes
,Cherry On Top,,체리온탑,2018-08-09,United,4,4,,No
Profile,Saturday,,세러데이,2018-07-18,SD,6,7,,Yes
,FLAVOR,,플레이버,2018-11-26,FENT,3,3,,Yes
Profile,Pink Fantasy,,핑크판타지,2018-10-28,My Doll,8,8,,Yes
,Heygirls,,헤이걸스,2017-11-20,Moai,4,4,,Yes
,ABRY,,에이브리,2017-11-15,withHC,4,4,,Yes
,Rose Finger,,로즈핑거,2018-10-03,YC:Bros,4,4,,No
,Destiny,,데스티니,2018-09-28,D-SIDE,4,4,,Yes
Profile,PURPLEBECK,,퍼플백,2019-06-24,Majesty,5,5,Beckies,Yes
,Kitten Girls,,키튼걸스,2018-09-04,Wannabe,4,4,,No
,Camila,,카밀라,2018-08-29,Camila,3,3,,No
,Sha Sha,,샤샤,2018-02-27,Major Ent,6,6,,No
,AiRiSu,,아이리수,2018-07-25,Jang,4,4,,No
,Yellow Bee,,옐로비,2017-11-23,Addiction,5,5,,No
,Wable,,와블,2016-02-17,Kiwi,2,2,,Yes
,Busters,,버스터즈,2017-11-27,JTG,5,5,Bu-Chu,Yes
,KHAN,,칸,2018-05-23,Maroo,2,2,,No
,GsA,Girls' Alert,소녀주의보,2017-05-25,Roots,5,5,,Yes
,Hi Cutie,,하이큐티,2017-10-12,Space,4,5,,Yes
,Gavy NJ,,가비엔제이,2005-11-11,Good Fellas,3,3,,Yes
,I.C.E,,아이스,2015-11-16,HS,3,4,,Yes
,Wanna.B,,워너비,2014-11-17,Zenith,5,4,Ru.B,No
,Hint,,힌트,2017-03-31,Starpro,5,7,,Yes
,2EYES,,투아이즈,2013-07-20,SidusHQ,4,5,,No
,GeeGu,,지구,2017-10-26,NOS,7,9,,No
,A.DE,,에이디이,2016-07-23,2ABLE,6,7,,No
Profile,ITZY,,있지,2019-02-12,JYP,5,5,Mitzy,Yes
Profile,Lusty,,러스티,2019-06-26,babaplay,5,5,,Yes
Profile,Everglow,,에버글로우,2019-03-18,Yuehua,6,6,,Yes
Profile,BVNDIT,,밴디트,2019-04-10,MNH,5,5,,Yes
Profile,Episode,,에피소드,2020-02-04,Pops,5,5,,Yes
Profile,cignature,,시그니처,2020-02-04,C9,7,7,,Yes
Profile,Hinapia,,희나피아,2019-11-03,Alseulbit,5,5,,No
Profile,3YE,,써드아이,2019-05-21,GH,3,3,,Yes
Profile,Rockit Girl,,락킷걸,2019-05-30,Rolling,2,2,,Yes
Profile,Ariaz,,아리아즈,2019-10-23,Rising Star,6,6,,Yes
Profile,ANS,,에이엔에스,2019-09-16,ANS,8,6,,No
,HighSchool,,여고생,2019-04-30,Richworld,4,4,High Class,Yes
Profile,Weeekly,,위클리,2020-07-30,Play M,7,7,,Yes
Profile,CRAXY,,크랙시,2020-03-03,SAITEINMENT,5,5,,Yes
,KEEMBO,,킴보,2020-04-10,ARA-LINE,2,2,,Yes
Profile,REDSQUARE,RSQ,레드스퀘어,2020-05-19,About,5,5,,Yes
Profile,SECRET NUMBER,,시크릿넘버,2020-05-19,Vine,5,5,,Yes
Profile,woo!ah!,,우아,2020-05-15,NV,5,6,,Yes
,API,,에이피아이,2019-04-19,BRICKWORKS,5,5,,Yes
,FANATICS,,파나틱스,2019-08-06,FENT,8,6,,Yes
,ILUV,I LUV,아이러브,2019-04-30,WKS ENE,7,7,,No
,Melody Pink,,멜로디핑크,2019-09-25,KD,4,4,,Yes
Profile,Rocket Punch,,로켓펀치,2019-08-07,Woollim,6,6,,Yes
,ICU,,아이씨유,2019-10-22,Liz,5,5,,Yes
Profile,Bling Bling,,블링블링,2020-11-17,Major9,6,6,,Yes
Profile,STAYC,,스테이씨,2020-11-12,Hi-Up,6,6,,Yes
Profile,Precious,PRCS,프레셔스,2020-09-23,Umi,5,5,,Yes
Profile,XUM,,썸,2020-09-22,A100,3,3,AWEXUM,No
Profile,NeonPunch,,네온펀치,2018-06-27,A100,5,5,,No
Profile,Maka Maka,,마카마카,2020-08-04,Dreamus,5,5,,Yes
Profile,Blastar,,블레스타,2020-07-31,VH,5,5,,No
,BlackSwan,,블랙스완,2020-10-16,DR,5,5,,Yes
,BOTOPASS,,보토패스,2020-08-26,WKS ENE,8,8,,Yes
Profile,LUNARSOLAR,,루나솔라,2020-09-02,J Planet,4,4,Haedal,Yes
,aespa,æspa,에스파,2020-11-17,SM,4,4,My,Yes
,AREAL,,에이리얼,2020-08-21,JZ Factory,4,4,,Yes
Profile,TRI.BE,,트라이비,2021-02-17,TR - Mellow,7,7,,Yes
Profile,PIXY,,픽시,2021-02-24,ALLART,6,6,Winxy,Yes
Profile,Purple Kiss,,퍼플키스,2021-03-15,RBW,7,7,,Yes
,MAJORS,,메이져스,2021-03-09,ANS,6,6,MVP,Yes
,PRISMA,,프리즈마,2020-10-31,UnionWave,5,5,,Yes
Profile,IOI,I.O.I,아이오아이,2016-05-04,YMC,11,11,,No
Profile,ICHILLIN',,아이칠린,2021-09-08,KM,7,7,,Yes
Profile,Billlie,,빌리,,MYSTIC,6,6,,Yes
Profile,VIVIZ,,비비지,,Big Planet Made,3,3,,Yes
Profile,LIGHTSUM,,라잇썸,2021-06-10,Cube,8,8,SUMIT,Yes
,PRITTI-G,,프리티지,2021-08-31,Enterrobang,6,6,,Yes
,Solia,,쏠리아,2021-08-17,Space,5,5,,No
Profile,bugAboo,,버가부,2021-10-25,A team,6,6,,Yes
,SKYLE,,스카이리,2021-08-04,Good Luck,4,4,,Yes
,Rumble-G,,럼블지,2021-07-14,Winnerzone,4,4,,Yes
